{
  "signal_idx": 25,
  "signal_length": 48387,
  "ground_truth_symbols": [
    "8",
    "5",
    "2",
    "7",
    "D",
    "6",
    "7",
    "C",
    "3"
  ],
  "timestamp": "2025-12-16T22:26:58.843747",
  "success": true,
  "stft_params": {
    "window_length": 256,
    "overlap": 128,
    "frame_step": 128
  },
  "freq_clustering": {
    "n_clusters": 1,
    "cluster_centers": [
      818.26171875
    ]
  },
  "changepoints_summary": [
    {
      "cluster_id": 1,
      "selected_freq": 775.1953125,
      "n_changepoints": 5,
      "changepoints": [
        8832,
        13056,
        27904,
        30208,
        30720
      ]
    }
  ],
  "period_analysis": {
    "n_original_periods": 4,
    "n_filtered_periods": 4,
    "n_removed_outliers": 0,
    "statistics": {
      "q25": 0.08417233560090703,
      "q75": 0.31201814058956917,
      "iqr": 0.22784580498866214,
      "lower_bound": -0.2575963718820862
    }
  },
  "matches": [
    {
      "match_index": 0,
      "assigned_symbol": "8",
      "verified_symbol": null,
      "primary_low_freq": 775.1953125,
      "primary_high_freq": null,
      "period_start": 0.4005442176870748,
      "period_end": 0.592108843537415,
      "period_duration": 0.19156462585034015,
      "symbol_match": false
    },
    {
      "match_index": 1,
      "assigned_symbol": "5",
      "verified_symbol": null,
      "primary_low_freq": 775.1953125,
      "primary_high_freq": null,
      "period_start": 0.592108843537415,
      "period_end": 1.2654875283446712,
      "period_duration": 0.6733786848072563,
      "symbol_match": false
    },
    {
      "match_index": 2,
      "assigned_symbol": "2",
      "verified_symbol": null,
      "primary_low_freq": 775.1953125,
      "primary_high_freq": null,
      "period_start": 1.2654875283446712,
      "period_end": 1.3699773242630386,
      "period_duration": 0.10448979591836735,
      "symbol_match": false
    },
    {
      "match_index": 3,
      "assigned_symbol": "7",
      "verified_symbol": null,
      "primary_low_freq": 775.1953125,
      "primary_high_freq": null,
      "period_start": 1.3699773242630386,
      "period_end": 1.3931972789115645,
      "period_duration": 0.023219954648526078,
      "symbol_match": false
    }
  ]
}