{
  "signal_idx": 83,
  "signal_length": 23538,
  "ground_truth_symbols": [
    "1",
    "#",
    "2",
    "1",
    "3"
  ],
  "timestamp": "2025-12-16T18:26:11.886063",
  "success": true,
  "stft_params": {
    "window_length": 256,
    "overlap": 128,
    "frame_step": 128
  },
  "freq_clustering": {
    "n_clusters": 1,
    "cluster_centers": [
      861.328125
    ]
  },
  "changepoints_summary": [
    {
      "cluster_id": 6,
      "selected_freq": 947.4609375,
      "n_changepoints": 3,
      "changepoints": [
        8960,
        11392,
        11648
      ]
    }
  ],
  "period_analysis": {
    "n_original_periods": 2,
    "n_filtered_periods": 2,
    "n_removed_outliers": 0,
    "statistics": {
      "q25": 0.036281179138321996,
      "q75": 0.08562358276643992,
      "iqr": 0.04934240362811792,
      "lower_bound": -0.03773242630385488
    }
  },
  "matches": [
    {
      "match_index": 0,
      "assigned_symbol": "1",
      "verified_symbol": null,
      "primary_low_freq": 947.4609375,
      "primary_high_freq": null,
      "period_start": 0.40634920634920635,
      "period_end": 0.5166439909297053,
      "period_duration": 0.11029478458049886,
      "symbol_match": false
    },
    {
      "match_index": 1,
      "assigned_symbol": "#",
      "verified_symbol": null,
      "primary_low_freq": 947.4609375,
      "primary_high_freq": null,
      "period_start": 0.5166439909297053,
      "period_end": 0.5282539682539683,
      "period_duration": 0.011609977324263039,
      "symbol_match": false
    }
  ]
}